mode,alpha_primary,value,mean_tanimoto,median_tanimoto,bit_accuracy,bit_precision,bit_recall,bit_f1,mean_active_bits,mean_target_active_bits
threshold,1.0,0.25,0.5420425056316476,0.5483871102333069,0.9908363099096453,0.7285243958048335,0.6569716996882203,0.6909004105217774,57.5802116394043,63.8514404296875
threshold,0.95,0.25,0.5420244868919281,0.5454545617103577,0.9908560534669891,0.7298613956278716,0.6563598188372125,0.6911619709924027,57.42120361328125,63.8514404296875
threshold,0.9,0.25,0.541596592441166,0.5423728823661804,0.9908555662883015,0.7299138262253692,0.6562076710449593,0.6911011089779707,57.403770446777344,63.8514404296875
threshold,1.0,0.3,0.5404596290019172,0.5384615659713745,0.9911767580689098,0.7587521660378986,0.63631825370521,0.6921626986789476,53.54823303222656,63.8514404296875
threshold,0.95,0.3,0.5401575026799621,0.5352112650871277,0.9911991554680526,0.7610302455416569,0.6347531874962478,0.6921795497847844,53.256629943847656,63.8514404296875
threshold,0.9,0.3,0.5394852630565559,0.5338982939720154,0.9912072580188587,0.7623964201209793,0.6333369793975441,0.6918998226874685,53.04258728027344,63.8514404296875
threshold,0.95,0.2,0.5378650501165023,0.5486725568771362,0.9901943494246573,0.6866474618434478,0.6823861379380108,0.6845101678835127,63.45518112182617,63.8514404296875
threshold,1.0,0.2,0.5378422073161897,0.5490196347236633,0.9901897596885995,0.6867113226540073,0.6816747442066644,0.6841837644370777,63.38313293457031,63.8514404296875
threshold,0.9,0.2,0.536873780607235,0.5432098507881165,0.9901587982009465,0.6845320222998627,0.6838525136871332,0.684192099279243,63.78805923461914,63.8514404296875
threshold,0.8,0.3,0.5363206287345853,0.52173912525177,0.9911544632337014,0.7605705532535526,0.6313047783453393,0.6899351021418855,52.99931716918945,63.8514404296875
threshold,0.8,0.25,0.5360880323941437,0.5283018946647644,0.9906920665566087,0.7209519230682497,0.6573286301846416,0.6876718080378844,58.21661376953125,63.8514404296875
threshold,1.0,0.35,0.5359091938552561,0.5283018946647644,0.9913664116038373,0.7824554424928045,0.6179807438464442,0.6905597000351521,50.42966079711914,63.8514404296875
threshold,0.95,0.35,0.5353053604746443,0.5257731676101685,0.991386167981673,0.7852206563121578,0.6158967303028234,0.6903273621595413,50.082603454589844,63.8514404296875
threshold,0.9,0.35,0.534213924462108,0.5223880410194397,0.9913947577111668,0.7874969519822408,0.6135462525176347,0.6897229181882899,49.747257232666016,63.8514404296875
threshold,0.8,0.35,0.5306406109570089,0.5128205418586731,0.9913746936415284,0.7898297994049169,0.6086569626530627,0.6875079832879303,49.20506286621094,63.8514404296875
threshold,1.0,0.4,0.5293449845939886,0.5166666507720947,0.9914666037471118,0.8020841681606645,0.6008538369617155,0.6870372721331207,47.832115173339844,63.8514404296875
threshold,0.95,0.4,0.5279953029058169,0.5128205418586731,0.9914765652692262,0.8050779338398276,0.5980214207643083,0.6862719282722822,47.42960739135742,63.8514404296875
threshold,0.9,0.4,0.5266343722635302,0.508474588394165,0.9914876678151092,0.8082404449706256,0.5951445938599731,0.68551383697815,47.01675033569336,63.8514404296875
threshold,0.7,0.35,0.5227742849031989,0.5,0.9912224246606365,0.7832856099264687,0.6040538751220267,0.6820921816218104,49.240928649902344,63.8514404296875
threshold,0.7,0.3,0.5226511405176919,0.5045045018196106,0.9907710407859843,0.7393098524282523,0.6301829967851583,0.680398584955922,54.42655944824219,63.8514404296875
threshold,0.8,0.2,0.5224622753138963,0.5211267471313477,0.989652222109174,0.6619879268382566,0.6869686649565803,0.6742469922065761,66.26093292236328,63.8514404296875
threshold,0.8,0.4,0.5218671229512684,0.5,0.9914692447684188,0.8131740355723536,0.5878102478528657,0.6823660151685266,46.15559387207031,63.8514404296875
threshold,1.0,0.45,0.5216047983580009,0.5,0.9915171549462073,0.8195075665866544,0.5845871819185919,0.6823950013656291,45.547760009765625,63.8514404296875
threshold,1.0,0.15,0.5203502898280601,0.5340909361839294,0.9888014927360119,0.6231336038328272,0.7126076240025068,0.6648739255926769,73.01969146728516,63.8514404296875
threshold,0.95,0.15,0.519634536307031,0.530434787273407,0.9887653389491874,0.6213474426202799,0.7150863993854873,0.664929443636162,73.48432159423828,63.8514404296875
threshold,0.95,0.45,0.5195557069132566,0.5,0.9915204369921033,0.8231015925622935,0.5808879345155902,0.681101638977511,45.061912536621094,63.8514404296875
threshold,0.9,0.45,0.5172494031040522,0.49425286054611206,0.9915185523798115,0.826534663262914,0.5770250254333539,0.6796022840095118,44.57632827758789,63.8514404296875
threshold,0.9,0.15,0.5158386348587234,0.52173912525177,0.9886018007560192,0.6151835892404822,0.7178645358299827,0.6625694503219792,74.50895690917969,63.8514404296875
threshold,0.7,0.4,0.5136988375102942,0.48571428656578064,0.9913757064603791,0.8141380542682369,0.5789256392057721,0.6766745780210464,45.404136657714844,63.8514404296875
threshold,1.0,0.5,0.5121481486372225,0.4864864945411682,0.9915203087871856,0.8352661059006197,0.568074623146367,0.6762341725215345,43.42613983154297,63.8514404296875
threshold,0.8,0.45,0.5104175863952541,0.48148149251937866,0.9914828729511829,0.8330962066166808,0.5672867443086446,0.674964565135812,43.47886276245117,63.8514404296875
threshold,0.95,0.5,0.5093567399540391,0.4822694957256317,0.9915142703355564,0.8391501458743216,0.5637009909344588,0.6743834129802304,42.89234924316406,63.8514404296875
threshold,0.9,0.5,0.5058277747818545,0.4761904776096344,0.9914969113896839,0.8429754938160516,0.5585863578532522,0.6719284065693265,42.310298919677734,63.8514404296875
threshold,0.7,0.25,0.5053504739516764,0.49180328845977783,0.9896953630640196,0.6736820458881989,0.6574001807680256,0.6654415330292838,62.308250427246094,63.8514404296875
threshold,1.0,0.125,0.5020749787923992,0.5123966932296753,0.9874991487193457,0.5782246157703528,0.7321039243438935,0.6461288102918162,80.84382629394531,63.8514404296875
threshold,0.95,0.125,0.5004032967452811,0.5073529481887817,0.9874064181022882,0.575141165890667,0.7353162988116846,0.6454397564029587,81.63388061523438,63.8514404296875
threshold,0.7,0.45,0.49907433159775744,0.46268656849861145,0.9913747064620202,0.8386760463964902,0.553086009558171,0.666579442698313,42.10844039916992,63.8514404296875
top_k,0.95,64,0.49666862513901106,0.5068492889404297,0.9887548005049428,0.6389930026781494,0.6404797014284621,0.639735488309528,64.0,63.8514404296875
top_k,1.0,64,0.49650361059273745,0.5099999904632568,0.9887303646476068,0.6382110552433965,0.639695934693233,0.638952632281516,64.0,63.8514404296875
threshold,0.8,0.5,0.4960815501635311,0.4583333432674408,0.9914280653488159,0.8513805195422194,0.5453108461637785,0.6648097681684283,40.896968841552734,63.8514404296875
top_k,0.9,64,0.49589521526423336,0.5057471394538879,0.9887522876885535,0.6389125925536943,0.6403991042195929,0.6396549847515582,64.0,63.8514404296875
threshold,0.9,0.125,0.4936868956189587,0.5,0.9870972391224794,0.5660584627453552,0.7382326018999559,0.6407815296865994,83.27269744873047,63.8514404296875
threshold,0.6,0.4,0.49277303367755354,0.4545454680919647,0.9909589379135377,0.7955970583775237,0.5652479638924505,0.6609270122127128,45.36454391479492,63.8514404296875
threshold,0.6,0.35,0.49196038600162023,0.4615384638309479,0.9903973234505461,0.7373531262740409,0.5964588218168421,0.6594644433795589,51.650630950927734,63.8514404296875
top_k,0.8,64,0.49005014901056526,0.49367088079452515,0.9886208007248398,0.6347050097148559,0.6361817319024313,0.6354425128610596,64.0,63.8514404296875
threshold,1.0,0.6,0.4878935366164722,0.44999998807907104,0.9914095012767159,0.8643862555856543,0.5324679276566032,0.6589921320752796,39.33293151855469,63.8514404296875
threshold,0.6,0.3,0.4856618951881097,0.4615384638309479,0.9896167606289057,0.6825123411784061,0.6243660165980905,0.6521456403419555,58.41164779663086,63.8514404296875
threshold,0.95,0.6,0.48238018691717394,0.4404761791229248,0.9913653603235113,0.8690705263415736,0.5252248703248479,0.6547499985902995,38.58877182006836,63.8514404296875
threshold,0.7,0.2,0.48143191233422866,0.4736842215061188,0.9881006349117786,0.6040395115217836,0.6870336361759749,0.6428690159574468,72.6245346069336,63.8514404296875
threshold,0.8,0.15,0.4799853064693389,0.48235294222831726,0.9871442134043678,0.569122705529557,0.7217307345942137,0.6364058623056531,80.97295379638672,63.8514404296875
top_k,0.7,64,0.4786328357482842,0.4761904776096344,0.9883316729941777,0.6254529223336659,0.6269081183594685,0.6261796749052749,64.0,63.8514404296875
threshold,0.7,0.5,0.47783583943713354,0.43589743971824646,0.9912354631007785,0.8596365582214919,0.5231926692726431,0.6504860275701075,38.86131286621094,63.8514404296875
top_k,0.95,80,0.4770348679528829,0.46846845746040344,0.9868161626606562,0.5615652733287823,0.7035897832346292,0.6246057933906533,80.0,63.8514404296875
top_k,1.0,80,0.4765910338364901,0.4699999988079071,0.9867814960508783,0.5606778081184687,0.7024778707204321,0.6236187025961875,80.0,63.8514404296875
top_k,0.9,80,0.4763263228707333,0.46590909361839294,0.986812060103286,0.5614602478601061,0.7034581959548425,0.6244889779120182,80.0,63.8514404296875
threshold,0.9,0.6,0.4751845949309335,0.43103447556495667,0.9913013347875532,0.8744774014448805,0.5160663956516983,0.6490818938386577,37.68145751953125,63.8514404296875
top_k,0.95,48,0.4746026239979341,0.4886363744735718,0.9895477222806609,0.719155332668172,0.5406214044803824,0.6172375699945587,48.0,63.8514404296875
top_k,1.0,48,0.47423161228119354,0.4897959232330322,0.9895237223200454,0.7181313343485796,0.5398516188936306,0.6163586913910742,48.0,63.8514404296875
top_k,0.9,48,0.4741772598011985,0.4848484992980957,0.9895527735544228,0.7193708536820179,0.5407834213186197,0.6174225476493518,48.0,63.8514404296875
threshold,0.6,0.45,0.4735356716537234,0.43103447556495667,0.9910096044970593,0.8355891953360449,0.5269609999975328,0.6463217567608461,40.26765823364258,63.8514404296875
threshold,1.0,0.1,0.47300226818385765,0.4765625,0.9853298445869217,0.520298650722914,0.75519584710545,0.6161177189701804,92.6781997680664,63.8514404296875
threshold,0.6,0.25,0.47203866626107005,0.4545454680919647,0.9884589035546198,0.6241666273380843,0.6526136934657869,0.6380732556227469,66.76154327392578,63.8514404296875
top_k,0.8,80,0.47045590270367177,0.4523809552192688,0.9866447783265176,0.5571778343748359,0.6980927246215426,0.6197258267706763,80.0,63.8514404296875
top_k,0.8,48,0.46990863843333636,0.4752475321292877,0.9894763890643872,0.716111782107161,0.5383334306530924,0.6146253474786465,48.0,63.8514404296875
threshold,0.95,0.1,0.4690998580819502,0.47058823704719543,0.9851101782807331,0.5152216755095624,0.7587725538541503,0.6137171700105035,94.03471374511719,63.8514404296875
top_k,0.6,64,0.46181088041443535,0.44999998807907104,0.9878962121703185,0.6115181759701728,0.6129409510306163,0.6122287368950682,64.0,63.8514404296875
top_k,0.7,80,0.46091030417616136,0.43589743971824646,0.9863484454794741,0.5495917134905215,0.6885880109184546,0.6112880987295223,80.0,63.8514404296875
top_k,0.7,48,0.4602970773797166,0.4647887349128723,0.9892708765811256,0.7073432494880009,0.5317417303562808,0.6070994799498776,48.0,63.8514404296875
threshold,0.9,0.1,0.457947403868992,0.45652174949645996,0.9845261151366316,0.5024288007288029,0.7620046664139094,0.6055725360722055,96.83978271484375,63.8514404296875
threshold,0.5,0.35,0.45223239675877863,0.41860464215278625,0.9892929534679737,0.6869663848216127,0.5753086338526371,0.6261990239963692,53.47319412231445,63.8514404296875
threshold,0.5,0.3,0.45198124004824786,0.4237288236618042,0.9885015701512695,0.6367836355591836,0.6107623591296488,0.6235016218480799,61.24224090576172,63.8514404296875
threshold,0.8,0.6,0.4516067491938294,0.4065934121608734,0.991042873673233,0.8861035389801359,0.4881559111884552,0.6295123972770905,35.175865173339844,63.8514404296875
threshold,0.8,0.125,0.45025086806252623,0.4528301954269409,0.985073229623418,0.5147317202328406,0.7418545417760829,0.6077673710047885,92.02557373046875,63.8514404296875
threshold,1.0,0.7,0.4496350110102237,0.4027777910232544,0.9910646428682783,0.8939436264760626,0.48425846044527493,0.6282094162971213,34.58898162841797,63.8514404296875
threshold,0.6,0.2,0.4485047000988466,0.43801653385162354,0.9866472526814315,0.558666520454755,0.6829519632410934,0.6145887838362907,78.05634307861328,63.8514404296875
top_k,0.6,80,0.44612243913694294,0.4196428656578064,0.9858982410900659,0.538066481121672,0.6741479518028691,0.5984690601428143,80.0,63.8514404296875
top_k,0.6,48,0.4439452702235989,0.4444444477558136,0.9889166976751628,0.6922316161669205,0.5203816360082012,0.5941294477384134,48.0,63.8514404296875
threshold,0.7,0.15,0.44226124004086687,0.44155845046043396,0.9853003702763155,0.5205768276732964,0.7214675600346403,0.604775960326376,88.49172973632812,63.8514404296875
top_k,0.95,96,0.4410417860186348,0.42307692766189575,0.9841638080388792,0.4947208291760752,0.7438077904604157,0.5942167197592944,96.0,63.8514404296875
threshold,0.5,0.25,0.4407106502271044,0.4197530746459961,0.9872248158361997,0.5816630980900859,0.6427750770402402,0.6106940314018305,70.55994415283203,63.8514404296875
top_k,0.9,96,0.44033718740569816,0.41999998688697815,0.9841516029307029,0.49446045353498225,0.7434163183030504,0.5939039786127106,96.0,63.8514404296875
top_k,1.0,96,0.44010931211862875,0.42424243688583374,0.984111474791426,0.4936043865637417,0.7421292302226374,0.5928757435404335,96.0,63.8514404296875
threshold,0.95,0.7,0.4374586639272743,0.38947367668151855,0.9909285405275232,0.900378681671114,0.47008815525325204,0.6176834668192529,33.33686828613281,63.8514404296875
threshold,0.5,0.4,0.4350220337028871,0.4000000059604645,0.9896337093190412,0.732916541350804,0.5270925872773193,0.6131937733809163,45.920127868652344,63.8514404296875
top_k,0.8,96,0.4341425891547577,0.4099999964237213,0.9839345776458213,0.4898305807908418,0.7364553512023376,0.5883429679726129,96.0,63.8514404296875
threshold,0.6,0.5,0.43035863905785926,0.39393940567970276,0.9906045025977394,0.8632723258398745,0.4720545626655635,0.6103548782601576,34.915245056152344,63.8514404296875
top_k,0.5,64,0.4290091141171017,0.4166666567325592,0.987006213630829,0.5830382227065063,0.5843947355219039,0.5837156910059864,64.0,63.8514404296875
threshold,1.0,0.075,0.42769525968309513,0.42038217186927795,0.9814053766680998,0.44514939689134686,0.782450862431256,0.5674608275182118,112.23336791992188,63.8514404296875
top_k,0.7,96,0.42353377749441407,0.3965517282485962,0.9835551423710485,0.48173596159568693,0.7242851726630716,0.578620397621459,96.0,63.8514404296875
threshold,0.95,0.075,0.4212964132939925,0.4137931168079376,0.9809733773770217,0.4385129712600718,0.7864124619733321,0.5630580539512141,114.50874328613281,63.8514404296875
threshold,0.9,0.7,0.42003504459765795,0.37142857909202576,0.9907165152344365,0.9076647369712403,0.4502809799633694,0.6019447790066335,31.675891876220703,63.8514404296875
top_k,0.5,80,0.4199266905321179,0.3968254029750824,0.9850911911324043,0.5174060022055348,0.6482622666073428,0.575489265205086,80.0,63.8514404296875
threshold,0.5,0.2,0.4184189194570111,0.40425533056259155,0.985211575550235,0.5197659396610684,0.6750032691214822,0.5872995485156902,82.92180633544922,63.8514404296875
threshold,0.7,0.125,0.41335241307647724,0.41304346919059753,0.9829681817958043,0.47062017094231257,0.741435107321763,0.5757729423861742,100.59428405761719,63.8514404296875
top_k,0.6,96,0.4108476266916347,0.38235294818878174,0.9830943738964121,0.4719062341367782,0.7095062763020356,0.5668137623186996,96.0,63.8514404296875
threshold,0.6,0.15,0.4101582650551618,0.40506330132484436,0.9835082450121108,0.4806145567516034,0.7180915238876145,0.5758296300228809,95.4011459350586,63.8514404296875
threshold,0.8,0.1,0.4101404863753167,0.4117647111415863,0.9818344016050845,0.4512600379645787,0.7652318444506766,0.5677284923478688,108.27716064453125,63.8514404296875
threshold,0.4,0.3,0.4090431786102138,0.37931033968925476,0.9871937261436289,0.591229934475459,0.5783713277896709,0.584729947314398,62.46274185180664,63.8514404296875
threshold,0.4,0.25,0.4076638682776453,0.3835616409778595,0.9859401128162251,0.5426560119043361,0.6238306208534586,0.5804188874686129,73.40282440185547,63.8514404296875
top_k,0.5,48,0.40751592044746,0.4040403962135315,0.98807164777986,0.6561761539673371,0.49327712363365117,0.563183718961665,48.0,63.8514404296875
threshold,0.9,0.075,0.398689837362092,0.39449542760849,0.9795827386334546,0.4180414699812244,0.7899496925380965,0.5467452758365032,120.6565170288086,63.8514404296875
top_k,0.5,96,0.39445828722734816,0.3688524663448334,0.9824951697515163,0.4591232123790019,0.6902871316686994,0.5514598802713884,96.0,63.8514404296875
threshold,0.7,0.6,0.3916351771647174,0.35483869910240173,0.9902531954819356,0.897314274055305,0.4231805796913127,0.5751267770300251,30.112850189208984,63.8514404296875
threshold,0.4,0.2,0.389301808640648,0.3717948794364929,0.9837601292141469,0.4847047528529706,0.6618420738813231,0.5595898769561332,87.18621063232422,63.8514404296875
top_k,0.9,32,0.386941021380782,0.36781609058380127,0.989090569184707,0.7994752008612088,0.4006676409608174,0.5338095292880782,32.0,63.8514404296875
top_k,0.95,32,0.3869065394928189,0.36781609058380127,0.9890810820207885,0.7988680223704249,0.40036334537631085,0.5334041162571174,32.0,63.8514404296875
top_k,1.0,32,0.38639851546758447,0.36781609058380127,0.9890592102618088,0.7974682297957255,0.39966182069094836,0.5324694748641181,32.0,63.8514404296875
top_k,0.8,32,0.38566118282152156,0.364705890417099,0.9890777486929252,0.7986546893871764,0.4002564307114842,0.5332616738408337,32.0,63.8514404296875
threshold,0.6,0.125,0.3825585716408178,0.37956205010414124,0.9809225184861236,0.43420932383732486,0.7385229163359851,0.5468827839050919,108.60142517089844,63.8514404296875
top_k,0.4,80,0.38250511277703525,0.3613445460796356,0.9838419367722063,0.48542509058446676,0.6081931174918148,0.5399182218639881,80.0,63.8514404296875
threshold,0.5,0.45,0.38165757567072306,0.3571428656578064,0.9892963252573124,0.7716947201944043,0.44503393718187745,0.5645142613327547,36.82292556762695,63.8514404296875
threshold,0.5,0.15,0.38156692913360707,0.37288135290145874,0.9817277351134603,0.44604351040432566,0.7115409446157364,0.5483456854598353,101.85758209228516,63.8514404296875
top_k,0.7,32,0.3815363373777395,0.3604651093482971,0.9890021334323964,0.7938153127133329,0.39783111266091686,0.5300304224129855,32.0,63.8514404296875
top_k,0.4,64,0.3806135614864708,0.35922330617904663,0.9855560365234273,0.5366325552696529,0.5378810993788258,0.5372561019437914,64.0,63.8514404296875
threshold,0.4,0.35,0.37707891562726764,0.3529411852359772,0.9875311614873248,0.624304543884992,0.5025836339965606,0.5568702423982025,51.40230178833008,63.8514404296875
threshold,0.7,0.1,0.37527050799067857,0.375,0.9793538543936748,0.41250874404661836,0.7648148772578527,0.5359491965280375,118.38423919677734,63.8514404296875
top_k,0.6,32,0.3724546975012647,0.35227271914482117,0.9888223132146655,0.7823068187785538,0.3920634777037691,0.5223462019099337,32.0,63.8514404296875
threshold,1.0,0.8,0.3721325692764189,0.3191489279270172,0.9901212085190424,0.927951525680397,0.3971197189295704,0.556208355675147,27.325422286987305,63.8514404296875
top_k,0.4,96,0.36959354236341696,0.3469387888908386,0.9815588379547274,0.4391481340475065,0.6602548023188969,0.5274675095785188,96.0,63.8514404296875
top_k,0.95,128,0.36529091770322464,0.3458646535873413,0.9777170750283897,0.3928928937142257,0.7876140183218838,0.5242628359619612,128.0,63.8514404296875
top_k,1.0,128,0.364612150679387,0.3464052379131317,0.9776636648596269,0.3920383310140209,0.7859009164231616,0.523122536730582,128.0,63.8514404296875
top_k,0.9,128,0.3642009016745939,0.34328359365463257,0.9776737930481345,0.3922003820301423,0.7862257725201349,0.5233387720625046,128.0,63.8514404296875
top_k,0.8,128,0.3589137546142591,0.3378378450870514,0.9774183832108583,0.3881138246337237,0.7780336419329185,0.5178858096795146,128.0,63.8514404296875
threshold,1.0,0.05,0.35836803663576977,0.33673468232154846,0.9733203899357704,0.34812889688796694,0.8154365037917697,0.48794336851434866,149.56182861328125,63.8514404296875
threshold,0.8,0.075,0.3564478598330828,0.3553299605846405,0.9763092311848514,0.3765990417855843,0.793074890433029,0.5106914595160251,134.46389770507812,63.8514404296875
threshold,0.3,0.2,0.3560918182485189,0.3349514603614807,0.9821901189700611,0.4495727729648357,0.6351438372331143,0.526484749015337,90.20752716064453,63.8514404296875
threshold,0.5,0.125,0.35547632906271565,0.3488371968269348,0.9788921628436302,0.40270989676863544,0.7327429450713573,0.5197623800728751,116.17964935302734,63.8514404296875
top_k,0.4,48,0.3554740174243269,0.3382352888584137,0.986680060319901,0.5968017556757513,0.44864271833002584,0.5122237835254394,48.0,63.8514404296875
threshold,0.4,0.15,0.35527535490717094,0.34285715222358704,0.9799573662238092,0.4153908501660254,0.7013577340012485,0.5217603846160905,107.80859375,63.8514404296875
threshold,0.3,0.25,0.353295605959311,0.3309859037399292,0.9841897695347371,0.4938053820785261,0.5663352037916874,0.5275892186757787,73.22990417480469,63.8514404296875
top_k,0.7,128,0.35229332115749024,0.33076924085617065,0.9770885119573137,0.3828358845770099,0.7674532022175746,0.5108431070334785,128.0,63.8514404296875
threshold,0.95,0.05,0.3476089678009487,0.3291139304637909,0.972298673663715,0.3392675593978352,0.8200404137433045,0.4799641100103275,154.334716796875,63.8514404296875
threshold,0.8,0.7,0.34758503805343804,0.3103448152542114,0.9897316963377291,0.9217452987422662,0.37296358404273955,0.531049774608749,25.836055755615234,63.8514404296875
threshold,0.6,0.1,0.34652746587957284,0.3440000116825104,0.9769500762870543,0.3804797944324919,0.7618294908476935,0.5074995569159598,127.84886932373047,63.8514404296875
top_k,0.6,128,0.34456323944855777,0.3233082592487335,0.9766985382382962,0.3765963050727301,0.7549450088533567,0.5025172256076281,128.0,63.8514404296875
top_k,0.5,32,0.34181892059933944,0.3333333432674408,0.9882111347304455,0.7431913957884787,0.37246026269755567,0.4962288370288923,32.0,63.8514404296875
threshold,0.95,0.8,0.33764699970840595,0.290909081697464,0.9896554272321194,0.9372203540560821,0.36055901566135357,0.5207714904418953,24.564353942871094,63.8514404296875
top_k,0.5,128,0.3354472211939018,0.31333333253860474,0.976237641558742,0.3692219581998635,0.7401620003898273,0.4926771494270995,128.0,63.8514404296875
top_k,0.3,80,0.3351490302411913,0.313043475151062,0.9821456318635785,0.441999684923594,0.5537850669820376,0.49161794183538293,80.0,63.8514404296875
top_k,0.3,96,0.332547559351776,0.31147539615631104,0.980070583986734,0.4073987160636454,0.612519871735299,0.4893328002717432,96.0,63.8514404296875
threshold,0.5,0.5,0.331494701044503,0.30434781312942505,0.9888998515489615,0.820237010694385,0.368753613510066,0.5087766975969681,28.705665588378906,63.8514404296875
threshold,0.4,0.125,0.33085551880014824,0.3216783106327057,0.976885884084703,0.37491865187348944,0.7234898920408611,0.49389611264569167,123.2157211303711,63.8514404296875
threshold,0.3,0.15,0.3289681308656948,0.3139534890651703,0.9781543563620819,0.3865878857903479,0.6840819690062611,0.4940043859844487,112.98755645751953,63.8514404296875
threshold,0.4,0.4,0.3286089074156718,0.3035714328289032,0.9872896875246153,0.6434179040980559,0.41419316848188575,0.5039646563197342,41.103660583496094,63.8514404296875
top_k,0.3,64,0.3276741317093986,0.3050847351551056,0.9838805520934529,0.4830170535104763,0.4841408543139656,0.48357830100526766,64.0,63.8514404296875
threshold,0.7,0.075,0.32483917192811695,0.3233082592487335,0.9732220311228207,0.3441628890115769,0.7925978865438025,0.4799299629671221,147.04815673828125,63.8514404296875
top_k,0.4,128,0.3240382999981072,0.302325576543808,0.9756586168679108,0.359957563146563,0.7215901006889417,0.4803150576157673,128.0,63.8514404296875
threshold,1.0,0.04,0.3222905948262411,0.29527559876441956,0.9674388483054797,0.3021170182075823,0.8311315765883202,0.44314900509936733,175.6569366455078,63.8514404296875
threshold,0.5,0.1,0.3218118415724165,0.3174603283405304,0.9746034647532886,0.3531682236389544,0.7566457744445989,0.48156401801737203,136.79861450195312,63.8514404296875
threshold,0.9,0.05,0.3205197820155202,0.3085714280605316,0.9698037033990509,0.3187291029493558,0.8238169686731808,0.45963038155087593,165.03639221191406,63.8514404296875
threshold,0.3,0.3,0.31188213293223155,0.29230770468711853,0.9846516405716668,0.5085260164235751,0.4598424406808655,0.48296047403517256,57.738643646240234,63.8514404296875
threshold,0.4,0.45,0.3080329168005938,0.28070175647735596,0.9874670718489077,0.6795105264822706,0.37101444746090007,0.47996616697343353,34.8630485534668,63.8514404296875
top_k,0.95,160,0.3076747374935122,0.28901734948158264,0.9706951121926364,0.3244331906737384,0.8129700647162691,0.46378357151386074,160.0,63.8514404296875
threshold,0.3,0.125,0.3071296926444427,0.2946428656578064,0.9748699130339888,0.34921251754092003,0.7087512942842598,0.4678890166581427,129.59097290039062,63.8514404296875
top_k,1.0,160,0.3070580883573999,0.29012346267700195,0.9706381635681418,0.32370424828020794,0.8111434687887309,0.46274153415018243,160.0,63.8514404296875
top_k,0.3,128,0.3067808616923033,0.2857142984867096,0.974775387548082,0.3458258940293021,0.6932610041918773,0.46145824180967626,128.0,63.8514404296875
top_k,0.9,160,0.3066776995450526,0.2874999940395355,0.9706392404894515,0.3237180328729717,0.8111780104496749,0.46276123949429526,160.0,63.8514404296875
top_k,0.3,48,0.3060375658852654,0.2874999940395355,0.9852870882468295,0.5373682805580353,0.40396390231947255,0.4612131435543973,48.0,63.8514404296875
threshold,0.95,0.04,0.30602729132706386,0.28458496928215027,0.9657070178141246,0.2911385482627782,0.8362593683975055,0.43191021535258173,183.4053497314453,63.8514404296875
top_k,0.8,160,0.303114520319251,0.2839506268501282,0.9704160100865475,0.32086068371580106,0.8040180175882848,0.4586766031646314,160.0,63.8514404296875
threshold,0.6,0.6,0.30231859100808345,0.27419355511665344,0.9888568900810009,0.8921894403966694,0.3243790930840193,0.4757768980050711,23.214881896972656,63.8514404296875
top_k,0.4,32,0.30151051065230117,0.2950819730758667,0.9872638542336751,0.6825654439951688,0.34207675979482255,0.4557488937428882,32.0,63.8514404296875
threshold,0.4,0.1,0.29960584269636714,0.2924528419971466,0.9722756095989996,0.32894106727800343,0.7485054563487984,0.4570327682639861,145.29396057128906,63.8514404296875
threshold,0.6,0.075,0.2995202011539644,0.2978723347187042,0.9702784077482539,0.3177149218236098,0.7900886816023712,0.4531903722513728,158.78480529785156,63.8514404296875
top_k,0.7,160,0.29885041247989735,0.28125,0.9701411643837302,0.31734265871973955,0.7952024922630792,0.4536475178421335,160.0,63.8514404296875
threshold,0.3,0.35,0.2973922412312955,0.2750000059604645,0.9853475240450887,0.5395666458615069,0.40951441826497237,0.4656300277121767,48.461273193359375,63.8514404296875
top_k,0.6,160,0.2938647469198438,0.2750000059604645,0.9698172674793559,0.31319677834374837,0.7848136765239246,0.44772090101278433,160.0,63.8514404296875
threshold,0.2,0.15,0.29385324998851214,0.27659574151039124,0.9761107058696109,0.3533317475959088,0.6413769621925073,0.45564865510715735,115.90479278564453,63.8514404296875
threshold,0.4,0.5,0.29280083136095947,0.26530611515045166,0.9876745843288872,0.722855616939685,0.33950505089549254,0.4620147195759616,29.989234924316406,63.8514404296875
threshold,0.9,0.8,0.2885804043645343,0.24637681245803833,0.9889495309546159,0.9464287966342383,0.3085919091916182,0.46542701313457197,20.81935691833496,63.8514404296875
threshold,0.3,0.4,0.2883886186358969,0.2641509473323822,0.9859499461334217,0.5755491963333614,0.3759752879088561,0.45483280436967105,41.71070861816406,63.8514404296875
top_k,0.5,160,0.28782041441430684,0.26875001192092896,0.969422088640675,0.30813848920863307,0.7721385317984774,0.4404899780731129,160.0,63.8514404296875
threshold,0.8,0.05,0.28395510145783337,0.2792207896709442,0.9652834415861471,0.2870206128378647,0.826799887821844,0.42611643502044916,183.93231201171875,63.8514404296875
threshold,0.9,0.04,0.281853015150323,0.26829269528388977,0.962744407291229,0.27358301992555384,0.8397217586968911,0.41270570117511773,195.98236083984375,63.8514404296875
top_k,0.2,96,0.28093089736015653,0.2601625919342041,0.9778415876445741,0.35984679409756865,0.5410260353657262,0.4322174628480272,96.0,63.8514404296875
threshold,1.0,0.03,0.2806366483936146,0.24848484992980957,0.9581880173324844,0.2512251941811456,0.8493810874537285,0.3877606955184475,215.8788604736328,63.8514404296875
top_k,0.2,80,0.28055564965539254,0.25757575035095215,0.9800541993982369,0.38845901381084913,0.48670351658781025,0.4320668710207446,80.0,63.8514404296875
top_k,0.4,160,0.28048858017774775,0.2625698447227478,0.9689430637857415,0.30200697106548335,0.7567740720423909,0.43172485334180344,160.0,63.8514404296875
threshold,0.2,0.125,0.28009502892315197,0.2649572789669037,0.9727360319203578,0.3223071831863145,0.6792428467921077,0.43717206748770054,134.5630340576172,63.8514404296875
threshold,0.3,0.45,0.2800124539157748,0.2545454502105713,0.986413714603135,0.6128050497974159,0.348910251718242,0.4446512680874613,36.354827880859375,63.8514404296875
threshold,0.3,0.1,0.278620003929335,0.26923078298568726,0.9699398442012813,0.3065756595485675,0.7356937898205725,0.4327975054368993,153.2251739501953,63.8514404296875
threshold,0.5,0.075,0.278019400277795,0.2748091518878937,0.9674161303940424,0.295134086246806,0.7852964373566418,0.4290285055981826,169.89671325683594,63.8514404296875
threshold,0.5,0.6,0.27750577895155737,0.25,0.9884211087448472,0.8819777922160398,0.29696535060197066,0.44432481054604944,21.4990291595459,63.8514404296875
top_k,0.2,64,0.2763786769195204,0.25531914830207825,0.9821443498144004,0.42745858058079084,0.42845311750826326,0.42795527123743415,64.0,63.8514404296875
threshold,0.2,0.2,0.2755081724481711,0.2613636255264282,0.9793372774978011,0.37999155818243785,0.5153130584749199,0.4374256725553841,86.59003448486328,63.8514404296875
top_k,0.2,128,0.27234001668027386,0.2530120611190796,0.9729372623593643,0.31641589100981987,0.6343041459039759,0.422214539937434,128.0,63.8514404296875
threshold,0.3,0.5,0.2710074097343004,0.24590164422988892,0.9867658806918881,0.6512820174889459,0.32513243026079774,0.43373570642946674,31.8758602142334,63.8514404296875
threshold,0.2,0.25,0.27086456422900657,0.2531645596027374,0.9814906201179567,0.41402261873401214,0.45110586772353184,0.43176946685905054,69.57049560546875,63.8514404296875
top_k,0.3,160,0.27076506676639556,0.2526315748691559,0.9683086289294295,0.29388620490468936,0.736424921643887,0.4201160597850757,160.0,63.8514404296875
top_k,0.3,32,0.27044526838931704,0.26229506731033325,0.9864567529940463,0.6309109646589298,0.31618942975829883,0.42125920191705574,32.0,63.8514404296875
threshold,0.2,0.3,0.26962623205238395,0.25,0.9830002971277175,0.45050139065294126,0.41188956866512105,0.4303310962949024,58.37882614135742,63.8514404296875
top_k,0.2,48,0.26818538037382716,0.25,0.9841351414192551,0.4882185492481927,0.3670158389963838,0.4190288485328783,48.0,63.8514404296875
threshold,0.2,0.35,0.2680105673783934,0.2469135820865631,0.9840932440521123,0.48701392524343,0.38254642769320096,0.4285049029881305,50.154911041259766,63.8514404296875
threshold,0.7,0.7,0.2662100227140718,0.23863635957241058,0.9884408651226829,0.9224344862252399,0.28222593042487065,0.4322129747648532,19.535839080810547,63.8514404296875
threshold,0.4,0.6,0.26530162601699,0.23728813230991364,0.9880433144930224,0.8410064806879352,0.2873076666861306,0.42829846669335275,21.813159942626953,63.8514404296875
threshold,0.2,0.4,0.265020742713513,0.24285714328289032,0.9848904478720856,0.5224360821375746,0.35788450419969026,0.42478111073095515,43.74016571044922,63.8514404296875
top_k,0.95,192,0.2648708839589601,0.25,0.9634150472163328,0.2760402991475433,0.8300476263710778,0.41430087030874685,192.0,63.8514404296875
top_k,1.0,192,0.26435978204935856,0.25,0.963360226793474,0.2754555479703828,0.8282892913449289,0.41342323424488303,192.0,63.8514404296875
top_k,0.9,192,0.26415868209738436,0.24873095750808716,0.9633649960164168,0.2755064196817728,0.8284422615576809,0.41349958611947546,192.0,63.8514404296875
top_k,0.8,192,0.26188586713225925,0.2461538463830948,0.9631900219445794,0.27364002958217365,0.8228300640747811,0.4106983754086211,192.0,63.8514404296875
threshold,0.2,0.45,0.26078684947935216,0.23853211104869843,0.9854997417440136,0.557933523940798,0.3362244155263121,0.4195922548120049,38.47844314575195,63.8514404296875
threshold,0.95,0.03,0.26058456815674746,0.2371794879436493,0.9554100603527215,0.23946310994318654,0.8549579208551857,0.37413550514319666,227.96954345703125,63.8514404296875
threshold,0.4,0.075,0.25921060853201366,0.2541436553001404,0.9646236734380743,0.27536986578093514,0.7780377540354118,0.406771600795111,180.40765380859375,63.8514404296875
top_k,0.7,192,0.2589215550731897,0.24242424964904785,0.9629552530990718,0.2711358285634266,0.8152999819889911,0.406939892807715,192.0,63.8514404296875
threshold,0.7,0.05,0.257531397039768,0.2539682686328888,0.9610819228399214,0.26245681073271243,0.826755477114916,0.39843033024933633,201.1360626220703,63.8514404296875
threshold,0.2,0.1,0.25655254039535663,0.2442748099565506,0.9675380276299034,0.2842085622364533,0.7127885565122134,0.40638153714865793,160.13795471191406,63.8514404296875
top_k,0.6,192,0.2553568947732602,0.2395833283662796,0.9626708176684018,0.2681018506362793,0.8061768713972842,0.40238628342677885,192.0,63.8514404296875
threshold,0.2,0.5,0.2552190128525459,0.23232322931289673,0.9859619589342212,0.5932555959217157,0.31641066087244013,0.4127060749365356,34.054927825927734,63.8514404296875
top_k,0.2,160,0.25282874895432966,0.23560209572315216,0.9671327847051738,0.2788353988342173,0.6987103624160411,0.3986006390630766,160.0,63.8514404296875
threshold,0.3,0.6,0.2512471361792664,0.22580644488334656,0.9872524824574647,0.7371710491112039,0.2832498439457104,0.40924992038632835,24.534212112426758,63.8514404296875
top_k,0.5,192,0.25113803827382464,0.234375,0.9623327669411004,0.2644959762117313,0.7953340795428658,0.3969743311976017,192.0,63.8514404296875
top_k,0.2,32,0.24874359430586884,0.23943662643432617,0.985841189901637,0.5915149267447356,0.2964455808468135,0.39495447047305676,32.0,63.8514404296875
threshold,0.1,0.35,0.2482396116112358,0.22972972691059113,0.9829993484113256,0.4451046267034862,0.3671943042445944,0.40241314494326985,52.67499923706055,63.8514404296875
threshold,0.8,0.04,0.24819744625402926,0.24137930572032928,0.9572756983168028,0.2459954810103067,0.842915217493213,0.3808454350997084,218.79000854492188,63.8514404296875
threshold,0.1,0.4,0.24787432119584427,0.22826087474822998,0.9839373981540133,0.4789889789059853,0.3464956251341573,0.4021094636195787,46.1894645690918,63.8514404296875
threshold,0.1,0.3,0.24615135433965435,0.22857142984867096,0.9817097736044741,0.409167520891509,0.3903224135080922,0.39952286429580397,60.910621643066406,63.8514404296875
threshold,0.1,0.45,0.24587114663663664,0.22480620443820953,0.9846490764733103,0.5119110456985001,0.3278151659274477,0.3996831397243516,40.88888168334961,63.8514404296875
top_k,0.4,192,0.24585647441265632,0.2291666716337204,0.9619091522516476,0.25997741952423464,0.7817468704843975,0.39019256065920405,192.0,63.8514404296875
top_k,0.1,48,0.24546948138090177,0.2266666740179062,0.9833780144565917,0.45591446550788567,0.34273140651176104,0.391302857716972,48.0,63.8514404296875
threshold,0.6,0.7,0.24458551011922458,0.21739129722118378,0.9880823785314814,0.9199289039058857,0.25794972214523454,0.40291996120421103,17.9040584564209,63.8514404296875
top_k,0.1,64,0.24368390267225698,0.2210526317358017,0.9809274287344759,0.3885171060232106,0.3894210406415538,0.3889685481635126,64.0,63.8514404296875
threshold,0.1,0.5,0.24250827582767923,0.2211538404226303,0.98520599863631,0.544738600819006,0.31037327199172976,0.395439023342418,36.380348205566406,63.8514404296875
threshold,0.3,0.075,0.24182255796625296,0.23465703427791595,0.961853203625512,0.25729521854757725,0.7670337677632547,0.3853334691245987,190.3502655029297,63.8514404296875
threshold,0.1,0.25,0.24153451905991014,0.22499999403953552,0.9798908919739209,0.37125361493295944,0.41808979680456737,0.3932821788899535,71.90673828125,63.8514404296875
threshold,0.05,0.4,0.24065110070081885,0.22093023359775543,0.9834841168465774,0.4600174707254774,0.34214831037820653,0.39242312265333135,47.49094009399414,63.8514404296875
threshold,0.2,0.6,0.24050120533687197,0.21739129722118378,0.9865822912495733,0.6655185086717859,0.27998647940700194,0.3941516683097275,26.862573623657227,63.8514404296875
threshold,0.05,0.35,0.24019855456689365,0.2222222238779068,0.9824824646441606,0.426950951040381,0.36158539644368926,0.39155894179517203,54.07588195800781,63.8514404296875
threshold,0.05,0.45,0.23960746622464926,0.21978022158145905,0.9842484745666058,0.4920856924177717,0.3246587160535659,0.3912115159446243,42.12665939331055,63.8514404296875
top_k,0.3,192,0.23893904904321164,0.2232142835855484,0.9613562044411004,0.2540793095450647,0.7640113724306555,0.3813402586399227,192.0,63.8514404296875
threshold,0.9,0.03,0.23841273167009633,0.2222222238779068,0.9516022076271464,0.22464184010035126,0.8585107774094247,0.35610390939482844,244.0202178955078,63.8514404296875
top_k,0.05,48,0.23738853256747056,0.21875,0.9830957072275573,0.44386935706908925,0.3336765568214435,0.3809647664516262,48.0,63.8514404296875
top_k,0.1,80,0.23718518610527828,0.2142857164144516,0.9782461254422556,0.3421723205377304,0.42871053512434587,0.3805840992960772,80.0,63.8514404296875
threshold,0.6,0.05,0.23716243351409383,0.23364485800266266,0.9571273267654125,0.24264454598729326,0.8250941877076098,0.3750067282475755,217.12193298339844,63.8514404296875
threshold,0.05,0.3,0.23708870766268417,0.21978022158145905,0.9811126591997388,0.3917542167944789,0.3829066478716169,0.3872799073359716,62.40938949584961,63.8514404296875
threshold,0.05,0.5,0.237037503230619,0.21666666865348816,0.9848422812844615,0.5234875509482629,0.30811819498438636,0.3879146821288051,37.582157135009766,63.8514404296875
threshold,0.5,0.7,0.23456710128158914,0.2083333283662796,0.9879004942145736,0.9146378622139614,0.24687007318720017,0.38879926533874143,17.234153747558594,63.8514404296875
threshold,0.0,0.4,0.2342031586214721,0.21568627655506134,0.9830397329604382,0.4425043962800377,0.33857078120900747,0.38362263570731336,48.854278564453125,63.8514404296875
top_k,0.05,64,0.23394841201732916,0.21111111342906952,0.9805386601416859,0.3760765110539306,0.37695150104077313,0.37651349769476417,64.0,63.8514404296875
threshold,0.0,0.45,0.23385490300905076,0.2142857164144516,0.9838520521402221,0.4736148060504657,0.3219619992384386,0.3833343778029321,43.406028747558594,63.8514404296875
threshold,0.1,0.2,0.23333127128306289,0.2183908075094223,0.977149293908851,0.3303114419460733,0.4534037105968059,0.3821909859596266,87.64601135253906,63.8514404296875
threshold,0.0,0.35,0.23294253653558086,0.2151898741722107,0.9819784654712361,0.4102718810377422,0.35678739525446923,0.38166499071407894,55.52754211425781,63.8514404296875
top_k,0.1,32,0.2328273025260392,0.22368420660495758,0.9853641394024379,0.560983694795988,0.28114444746912426,0.3745687692810876,32.0,63.8514404296875
threshold,0.0,0.5,0.23185417321292737,0.21212121844291687,0.9844815767481817,0.5037113937894386,0.30605967647622423,0.3807637785084275,38.796722412109375,63.8514404296875
threshold,0.1,0.6,0.2316841818130139,0.20987653732299805,0.9859683948210957,0.6096418692992656,0.27770344010270387,0.38158683556720285,29.085542678833008,63.8514404296875
threshold,0.05,0.25,0.2311158421948354,0.2150537669658661,0.9791730598185685,0.3541420792181709,0.40793372606653544,0.37913944237725,73.55001831054688,63.8514404296875
threshold,1.0,0.02,0.23081179178049274,0.19473683834075928,0.941286173273972,0.19328270986493823,0.8716538793986133,0.3164049870630476,287.9530944824219,63.8514404296875
top_k,0.0,48,0.23058519253544132,0.21212121844291687,0.982853758906652,0.4335462287104623,0.32591619699602686,0.37210461847889215,48.0,63.8514404296875
top_k,0.1,96,0.22997667360351484,0.20800000429153442,0.9754599761682442,0.3090390826025311,0.4646371521880909,0.37119154705358093,96.0,63.8514404296875
threshold,0.4,0.7,0.2292760424155517,0.20370370149612427,0.9877745969852767,0.9041247404321919,0.24134669711815632,0.3809916384345092,17.044477462768555,63.8514404296875
threshold,0.0,0.3,0.2291232338163929,0.21238937973976135,0.9805352498908719,0.375967586567921,0.3768429415349492,0.37640475512768223,64.00010681152344,63.8514404296875
top_k,0.2,192,0.22830481811442768,0.21359223127365112,0.9605064109638384,0.2450148457876035,0.7367547122638523,0.3677356681681851,192.0,63.8514404296875
threshold,0.05,0.6,0.22755890745359147,0.2068965584039688,0.9856667927519298,0.5851702779377054,0.2766803490023628,0.37571502918190164,30.19025421142578,63.8514404296875
threshold,0.3,0.7,0.2268037383613285,0.203125,0.9875837383241217,0.8647113443086855,0.24125623086330303,0.37725699088458614,17.814682006835938,63.8514404296875
top_k,0.0,64,0.22615724611184848,0.20353981852531433,0.9802206606635312,0.3659005277529801,0.3667518420163119,0.36632569028720463,64.0,63.8514404296875
top_k,0.05,32,0.22599211199203129,0.21739129722118378,0.9851514474437786,0.5473714094417896,0.2743224694326861,0.36547984741130085,32.0,63.8514404296875
top_k,0.05,80,0.22551527904994204,0.20183485746383667,0.9777168442595376,0.3286227222601481,0.4117341311908731,0.3655134423586797,80.0,63.8514404296875
threshold,0.7,0.04,0.2245516039333087,0.21969696879386902,0.9522595398817807,0.2249427969322353,0.8433593245624929,0.355157219046867,239.3928985595703,63.8514404296875
threshold,0.2,0.075,0.2242248136340282,0.2150000035762787,0.9590438364408838,0.23954741189240306,0.7483393274080677,0.3629216629121703,199.4700927734375,63.8514404296875
threshold,0.0,0.6,0.22355109389740485,0.203125,0.9853669983721053,0.5625632581536928,0.27564245433304574,0.3699958491932421,31.285669326782227,63.8514404296875
threshold,0.0,0.25,0.22215088327414162,0.2063492089509964,0.9784879327377514,0.338905598089828,0.3996906054084017,0.36679685878494905,75.30362701416016,63.8514404296875
threshold,0.05,0.2,0.22115596767704895,0.20652173459529877,0.976264256899681,0.31328853207720575,0.4384611525565352,0.36545369732809946,89.3629150390625,63.8514404296875
threshold,0.5,0.05,0.2205284505187354,0.2164948433637619,0.9533843585487449,0.2260750925249527,0.8213324363467095,0.3545569444986846,231.97274780273438,63.8514404296875
threshold,0.1,0.15,0.22043184177451278,0.20779220759868622,0.9726356731106903,0.2856656816056184,0.5033945406082457,0.36449067006808494,112.51777648925781,63.8514404296875
threshold,0.2,0.7,0.22012289840723545,0.19736842811107635,0.9869426239915914,0.7504808009458712,0.2432637593005478,0.3674279854688374,20.697053909301758,63.8514404296875
top_k,0.0,32,0.2195251810782623,0.21052631735801697,0.984947934957235,0.5343466103029985,0.26779491793477056,0.3567831900417411,32.0,63.8514404296875
top_k,0.1,128,0.2172865333540399,0.1986754983663559,0.9697582162942091,0.2655511539673371,0.532337985217814,0.3543423749810794,128.0,63.8514404296875
top_k,0.0,80,0.21699957446731835,0.19298245012760162,0.9773190756815169,0.3184398466628157,0.39897592199506055,0.35418745160827536,80.0,63.8514404296875
threshold,0.8,0.8,0.2164499220394628,0.19148936867713928,0.987775289291833,0.9507186928859024,0.22759582638045336,0.36726969416864025,15.285616874694824,63.8514404296875
top_k,0.05,96,0.2157238308916036,0.19200000166893005,0.9747335158219228,0.29354126188100615,0.44133633461987315,0.3525768786396811,96.0,63.8514404296875
threshold,0.1,0.7,0.21445008946409252,0.19354838132858276,0.9864027787236451,0.6772827704584258,0.24403107762580362,0.3587877131686166,23.006248474121094,63.8514404296875
threshold,0.1,0.125,0.2119309350215155,0.20114941895008087,0.9690860507305834,0.2616833795664415,0.5397438818083053,0.3524761632131769,131.69894409179688,63.8514404296875
threshold,0.05,0.7,0.21172119831219444,0.19117647409439087,0.9861425099199838,0.647102012893499,0.24427040199091554,0.3546617915904936,24.102872848510742,63.8514404296875
threshold,0.0,0.2,0.21121300651254582,0.19672131538391113,0.9754287454502639,0.298626272241594,0.42725073873921293,0.3515424610286547,91.35356903076172,63.8514404296875
threshold,0.0,0.7,0.20912408366052457,0.18918919563293457,0.9858881385425419,0.6201440109468345,0.24450725909453147,0.35073032935751186,25.175024032592773,63.8514404296875
threshold,0.8,0.03,0.20802226928764297,0.1985294073820114,0.9446095011536392,0.20149709943234756,0.8617511141741706,0.32662241556880556,273.0761413574219,63.8514404296875
threshold,0.95,0.02,0.20768088480992797,0.1837455779314041,0.9365493348933992,0.18194167011854057,0.8781625152250595,0.30143141941046053,308.1863708496094,63.8514404296875
top_k,0.95,256,0.20706998301522356,0.1953125,0.9485258152396878,0.21291636854749776,0.8536469825803115,0.3408244158405341,256.0,63.8514404296875
top_k,0.9,256,0.20674346203048716,0.1953125,0.9484939691381019,0.2126615997348107,0.8526255363209677,0.3404165964119443,256.0,63.8514404296875
threshold,0.6,0.04,0.20671244307617703,0.20270270109176636,0.947622201337926,0.20820722595770763,0.8419751908632372,0.33385689192077844,258.210693359375,63.8514404296875
top_k,1.0,256,0.20664346060968314,0.1953125,0.9484698153315851,0.21246836928267604,0.8518508162112239,0.3401072840917094,256.0,63.8514404296875
top_k,0.1,160,0.20644562010635367,0.19075144827365875,0.9639140720384459,0.23763587670009978,0.5954719172184423,0.3397051189088494,160.0,63.8514404296875
top_k,0.0,96,0.2063855734331821,0.18248175084590912,0.9742403884260292,0.28302121076861136,0.42551954358952004,0.3399410850869449,96.0,63.8514404296875
threshold,0.4,0.05,0.20629932815195826,0.20168067514896393,0.9498051080121305,0.21170817566535619,0.8151132925357938,0.33611714103649754,245.8391571044922,63.8514404296875
top_k,0.8,256,0.20552478362022908,0.19455252587795258,0.9483633283268458,0.21161647324476185,0.8484353038802621,0.338743617355048,256.0,63.8514404296875
threshold,0.05,0.15,0.20539607504191115,0.19230769574642181,0.9714583545298797,0.26769634877795184,0.47875482246819906,0.34338727802012087,114.19351196289062,63.8514404296875
threshold,0.1,0.1,0.20430227931961945,0.1945945918560028,0.9639939308817544,0.23864288708154355,0.597960561647407,0.3411390068000336,159.99070739746094,63.8514404296875
top_k,0.7,256,0.20389842923228052,0.19148936867713928,0.9481860978484549,0.2101986294176338,0.8427507333934797,0.33647401357854817,256.0,63.8514404296875
top_k,0.6,256,0.20190442237716033,0.1899224817752838,0.9479673546176745,0.20844868357139107,0.8357346641193563,0.33367279977395903,256.0,63.8514404296875
threshold,0.7,0.8,0.2008073985329066,0.1764705926179886,0.9875141615152221,0.9504116543592187,0.21000425191397812,0.34399819479386634,14.108701705932617,63.8514404296875
top_k,0.5,256,0.19945744369481253,0.1875,0.9476981755722247,0.20629525120779288,0.8271008937243559,0.3302257076955888,256.0,63.8514404296875
threshold,0.1,0.075,0.19901264345383218,0.18867924809455872,0.9559392389715052,0.21635591462561088,0.696582760585991,0.33016412683816543,205.57705688476562,63.8514404296875
top_k,0.05,128,0.19676991594819462,0.1753246784210205,0.9684778850619322,0.24506585425090585,0.49127206245790234,0.3270074918699621,128.0,63.8514404296875
top_k,0.4,256,0.19639606980785618,0.18390804529190063,0.947361201766233,0.20359946075985927,0.8162926435308815,0.3259104396355828,256.0,63.8514404296875
top_k,0.1,192,0.19621024775072657,0.1822916716337204,0.9578801845043126,0.21700176355266151,0.6525199375289389,0.3256916463865551,192.0,63.8514404296875
threshold,0.05,0.125,0.19428777540216943,0.1818181872367859,0.9676576428182272,0.24224344663995445,0.5050221107751066,0.32742923992573403,133.11563110351562,63.8514404296875
threshold,0.0,0.15,0.19414897715315932,0.18095238506793976,0.9703797024538217,0.2533052992981874,0.4621147885186809,0.327237456172203,116.48668670654297,63.8514404296875
threshold,0.6,0.8,0.1939066909772982,0.1702127605676651,0.987391507870346,0.9480446388990613,0.20226363018052954,0.3333974994204718,13.622591018676758,63.8514404296875
threshold,0.3,0.05,0.19353090058246303,0.1875,0.9463367547294281,0.1988004826791492,0.8060403495945055,0.3189384933645259,258.88690185546875,63.8514404296875
threshold,0.5,0.04,0.19246942379163143,0.1884615421295166,0.943292464853391,0.19438555647794312,0.8388606844347875,0.31563124934726355,275.54754638671875,63.8514404296875
top_k,0.3,256,0.1923078060665032,0.1796875,0.9469113307096112,0.2000004923068844,0.8018632758817787,0.3201494155819529,256.0,63.8514404296875
threshold,0.2,0.8,0.19033230747093452,0.16949152946472168,0.9871372005953631,0.890078117260282,0.19950358698700493,0.3259485294216446,14.311768531799316,63.8514404296875
threshold,0.5,0.8,0.19020512285453303,0.1666666716337204,0.9873152772262117,0.943897687945097,0.19806106143234398,0.3274187934719359,13.398151397705078,63.8514404296875
threshold,0.1,0.8,0.1887059013555803,0.16923077404499054,0.9865988296839718,0.7599703813853711,0.20511249478791008,0.3230384140872161,17.23320960998535,63.8514404296875
threshold,0.4,0.8,0.1883966989372829,0.1666666716337204,0.9872631234656435,0.9376374718170479,0.1959778703092219,0.32419496811707776,13.345744132995605,63.8514404296875
threshold,0.3,0.8,0.18830473193563202,0.1666666716337204,0.9872276363443916,0.9277949796498608,0.1959137215103259,0.32351403361766795,13.48290729522705,63.8514404296875
threshold,0.05,0.8,0.1878852031918416,0.16923077404499054,0.9863684069851782,0.7174483432520746,0.2071167335431602,0.32143882798469886,18.432968139648438,63.8514404296875
threshold,0.9,0.02,0.18765643152819067,0.17100371420383453,0.9310918438492819,0.1700928263080323,0.8817367547122639,0.28517375699436087,330.9967041015625,63.8514404296875
threshold,0.7,0.03,0.18746788090895325,0.18126888573169708,0.9382906653691645,0.1841491452636503,0.8624657975875117,0.3034971754028524,299.0493469238281,63.8514404296875
threshold,0.0,0.8,0.1869278967459556,0.16867469251155853,0.9861495227289884,0.682185625524047,0.2087665090634851,0.3196973351208764,19.540199279785156,63.8514404296875
top_k,0.2,256,0.18634053474236503,0.17374517023563385,0.9462560753746455,0.19475844962715957,0.7808463200383577,0.31175825173524374,256.0,63.8514404296875
top_k,0.0,128,0.18550385124556898,0.1627907007932663,0.9677378862762892,0.23322587368061756,0.4675370068663887,0.3112086268591106,128.0,63.8514404296875
threshold,0.0,0.125,0.18228892670512098,0.17010308802127838,0.9663959910424762,0.2278603831816534,0.4838127085349977,0.3098100811680831,135.57485961914062,63.8514404296875
threshold,0.2,0.05,0.18103321695509847,0.173728808760643,0.9428868885958751,0.18632731324027282,0.7911561834096402,0.30161942685144544,271.1167907714844,63.8514404296875
top_k,0.05,160,0.18087598353269088,0.16203702986240387,0.962009639266233,0.21325913721577483,0.5343882795209894,0.30485809454483354,160.0,63.8514404296875
threshold,0.4,0.04,0.1804489675965621,0.17573221027851105,0.9391808177545555,0.18247081874908308,0.8336810801341862,0.29940891599943764,291.7274169921875,63.8514404296875
threshold,0.05,0.1,0.18043088886397968,0.16931216418743134,0.962082600684963,0.21463426782946993,0.5386656885345535,0.3069590398531792,160.2473907470703,63.8514404296875
top_k,0.1,256,0.17268527342887954,0.16117216646671295,0.9447594624460104,0.18278554619807805,0.7328432803721946,0.2925927087336895,256.0,63.8514404296875
threshold,0.6,0.03,0.17239382156427027,0.16778524219989777,0.9325476619730675,0.17061330213631606,0.8616458443503413,0.2848281718345542,322.4679870605469,63.8514404296875
top_k,0.95,320,0.17010415656102723,0.15988372266292572,0.9334124810666977,0.17360775613086174,0.8700583836312004,0.28945824326444797,320.0,63.8514404296875
top_k,0.9,320,0.16994090391489153,0.15963855385780334,0.9333919682798469,0.17347647429501653,0.8694004472322672,0.28923935552335167,320.0,63.8514404296875
threshold,0.3,0.04,0.16974347848070556,0.16445623338222504,0.9352419908849381,0.17176808976578448,0.8253055497757671,0.2843544391029433,306.791259765625,63.8514404296875
top_k,1.0,320,0.16969498691911455,0.15937499701976776,0.9333488145045096,0.1732002901328572,0.8680163135330116,0.28877887043802036,320.0,63.8514404296875
top_k,0.8,320,0.1691965186170393,0.15937499701976776,0.9332894043455928,0.17282006511579057,0.8661107652376014,0.28814491681787024,320.0,63.8514404296875
top_k,0.7,320,0.16811927720354253,0.15868262946605682,0.93313907125896,0.17185793336134011,0.86128891385392,0.2865407432853107,320.0,63.8514404296875
top_k,0.05,192,0.16808582580779577,0.1513761430978775,0.9554345731330082,0.19091524225874776,0.574078292786632,0.28653914398465247,192.0,63.8514404296875
top_k,0.0,160,0.16749135132739928,0.14754098653793335,0.960955589713904,0.1997673029459644,0.5005802176618092,0.2855712544070181,160.0,63.8514404296875
threshold,0.0,0.1,0.1674593283434821,0.15584415197372437,0.9605698852186499,0.2001443462607514,0.5104130771438652,0.2875384544106746,162.8355255126953,63.8514404296875
top_k,0.6,320,0.16682864330945296,0.15644171833992004,0.9329586100166399,0.17070298141049203,0.8555007183843056,0.2846150783830161,320.0,63.8514404296875
threshold,0.1,0.05,0.16602880662046082,0.1572580635547638,0.9392907791125676,0.17204064402742653,0.7591788295804915,0.2805130658769014,281.7628479003906,63.8514404296875
top_k,0.5,320,0.16529224593258265,0.15615615248680115,0.9327430719088051,0.16932353752034868,0.8485874516725155,0.28231511544344673,320.0,63.8514404296875
threshold,0.05,0.075,0.16330761223161308,0.1535087674856186,0.9531709230015623,0.18463850081210326,0.586662971257226,0.28087738820021785,202.87901306152344,63.8514404296875
top_k,0.4,320,0.16329597772393933,0.15339232981204987,0.9324628159584558,0.16752989943811375,0.8395983956220912,0.27932456168071856,320.0,63.8514404296875
threshold,0.8,0.02,0.16162949279962074,0.15197569131851196,0.9212505394862942,0.1520440328197913,0.8852205279446149,0.2595143111886072,371.7515563964844,63.8514404296875
top_k,0.3,320,0.16063467470211767,0.15060241520404816,0.9320897396476068,0.1651422110486793,0.8276321773664944,0.2753435408895296,320.0,63.8514404296875
threshold,0.5,0.03,0.16058878846273264,0.15614618360996246,0.9272436578565615,0.1595520002540907,0.8593315530670939,0.2691339314024402,343.89764404296875,63.8514404296875
threshold,0.2,0.04,0.15952845164320614,0.15294118225574493,0.9314110869151394,0.16162625491904037,0.8119922067433546,0.2695907371667797,320.7825012207031,63.8514404296875
top_k,0.2,320,0.15669052657046104,0.1465517282485962,0.931537766194435,0.16160958094838,0.8099279312917018,0.2694535453863047,320.0,63.8514404296875
top_k,0.0,192,0.15248970010624063,0.13488371670246124,0.9539975754911582,0.17558726741234748,0.5279873807798685,0.263533831577206,192.0,63.8514404296875
threshold,0.4,0.03,0.15094999445620197,0.1458333283662796,0.922336665909061,0.1502279234426893,0.8551429654673857,0.25556011888917807,363.4617919921875,63.8514404296875
top_k,0.05,256,0.14921635383596185,0.13653136789798737,0.9421107488438993,0.16159583738118993,0.6478872428599508,0.25867342775677477,256.0,63.8514404296875
top_k,0.1,320,0.14894614748610582,0.1387283205986023,0.9304573064290356,0.1546946384498241,0.7752727763188952,0.25792418084341007,320.0,63.8514404296875
threshold,0.0,0.075,0.14847501546738404,0.13793103396892548,0.9512409774507037,0.16921670972210892,0.5442622600279787,0.25816673727639927,205.36936950683594,63.8514404296875
threshold,0.1,0.04,0.14767099901382766,0.14000000059604645,0.9274804010578034,0.1502602915952648,0.784524184508394,0.2522139289670799,333.3748474121094,63.8514404296875
threshold,0.7,0.02,0.14491757784364107,0.138225257396698,0.912563707587762,0.13890925332735737,0.8865150178095159,0.24018378080885391,407.4981384277344,63.8514404296875
threshold,0.05,0.05,0.1431889153743292,0.1352112740278244,0.9366311809129338,0.15252854888445797,0.6727259867606749,0.24867459462614583,281.6163024902344,63.8514404296875
threshold,0.3,0.03,0.14265266000224483,0.1371527761220932,0.9177458401093906,0.1420262757160284,0.8483547066713928,0.24331779712540644,381.39892578125,63.8514404296875
threshold,0.05,0.04,0.1356459554381254,0.12788259983062744,0.9251623151182521,0.13970770756411535,0.7368945237486255,0.23488382975092417,336.7872619628906,63.8514404296875
threshold,0.2,0.03,0.13478669568824694,0.12860892713069916,0.9133615011503571,0.1342724353064576,0.8366639992828493,0.23140734802987833,397.8642578125,63.8514404296875
top_k,0.05,320,0.1346074629477006,0.12462005764245987,0.9284400276881597,0.14178405450821824,0.7105696660068113,0.23639821316464746,320.0,63.8514404296875
threshold,0.6,0.02,0.132981820809415,0.127306267619133,0.904774643446739,0.12878663015210165,0.886174535723068,0.22489024411878578,439.3586730957031,63.8514404296875
top_k,0.0,256,0.12937117764065165,0.11486486345529556,0.9397451117003295,0.1426707402326314,0.5720107276529846,0.22837920836732511,256.0,63.8514404296875
threshold,0.1,0.03,0.12601884106187902,0.1192052960395813,0.9090078929101244,0.12583902715028558,0.8134051251600636,0.21795847092030032,412.7264099121094,63.8514404296875
threshold,0.5,0.02,0.1239498951228055,0.11855670064687729,0.897756539579012,0.12071305326474713,0.8845815072171511,0.21243631229145,467.9013671875,63.8514404296875
threshold,0.0,0.05,0.12359164052223315,0.11428571492433548,0.9338148650217599,0.1336381547775535,0.5919692283146218,0.21805091072787194,282.83905029296875,63.8514404296875
threshold,0.05,0.03,0.11892373919773004,0.11184210330247879,0.9066356660337788,0.11941712575161345,0.7827444665492799,0.20722029222037497,418.527587890625,63.8514404296875
threshold,0.4,0.02,0.11679000269096552,0.11167512834072113,0.891437139692899,0.11407187081848762,0.8814415057532426,0.20200166857545443,493.3846435546875,63.8514404296875
top_k,0.0,320,0.11258066071504816,0.10029498487710953,0.9252042124853949,0.12107483721052355,0.6067826663366019,0.2018694928357358,320.0,63.8514404296875
threshold,0.0,0.04,0.11112228344779852,0.10249307751655579,0.9216568465118417,0.11743556741519202,0.6178721843406203,0.19736000439228693,335.9461669921875,63.8514404296875
threshold,0.3,0.02,0.1108784783398867,0.10557185113430023,0.8857315080303458,0.10840742542120055,0.8762174907457133,0.1929434868468531,516.0878295898438,63.8514404296875
threshold,0.2,0.02,0.10562899351932427,0.10019268095493317,0.880513606336646,0.10326660529006515,0.867413479307489,0.18456100379985949,536.3359985351562,63.8514404296875
threshold,0.1,0.02,0.09998792623627141,0.09398496150970459,0.8756127297637255,0.09781803857398123,0.8487478236697554,0.17541906098010693,554.0263671875,63.8514404296875
threshold,0.0,0.03,0.0966287983298941,0.08885017782449722,0.9028060569336501,0.09960827739048354,0.6511596540241447,0.17278546067175435,417.409912109375,63.8514404296875
threshold,0.05,0.02,0.09581057395131094,0.08978328108787537,0.8730920287720554,0.09397683545730309,0.826417462289964,0.1687626663110681,561.49951171875,63.8514404296875
threshold,0.0,0.02,0.07903590328148856,0.072356216609478,0.8690632917935724,0.079223251351658,0.6965786484834977,0.14226628052014892,561.42041015625,63.8514404296875
