model,mean_fingerprint_tanimoto,series,note
MIST baseline,0.542042505,MIST,Historical full validation baseline
MIST + DreaMS residual,0.5427263,Hybrid,Gain 0.000684; below 0.005 gate
SpecEmbedding probe,0.3184,Alternative,Historical reported probe
DreaMS full fine-tune,0.2580,DreaMS,Best full fine-tune; overfit
DreaMS distillation,0.240354,DreaMS,Distilled from MIST
DreaMS calibrated,0.234203,DreaMS,Calibrated pure DreaMS
DreaMS staged adapter,0.232862,DreaMS,Staged adapter
DreaMS spectral JEPA,0.192590,DreaMS,Spectral JEPA
DreaMS frozen head,0.123805,DreaMS,Frozen head
